<?xml version="1.0" encoding="utf-8"?>
<!DOCTYPE install SYSTEM "http://www.joomla.org/xml/dtd/1.5/component-install.dtd">
<install version="1.5" type="component" method="upgrade">
	<name>NoNumber Installer</name>
	<description>COM_NONUMBERINSTALLER_DESC</description>
	<version>13.4.7</version>
	<creationDate>April 2013</creationDate>
	<author>NoNumber (Peter van Westen)</author>
	<authorEmail>peter@nonumber.nl</authorEmail>
	<authorUrl>http://www.nonumber.nl</authorUrl>
	<copyright>Copyright © 2012 NoNumber All Rights Reserved</copyright>
	<license>http://www.gnu.org/licenses/gpl-2.0.html GNU/GPL</license>

	<installfile>script.install.15.php</installfile>

	<administration>
		<files>
			<filename>installer.xml</filename>
			<filename>extensions.php</filename>
			<filename>index.html</filename>
			<folder>language</folder>
		</files>
	</administration>
</install>
